country,evidence_class,source_tier,record_count,source_count
Cambodia,scholarly_interpretation,1,2,2
Cambodia,institutional_heritage_description,2,2,2
China,primary_evidence,1,39,1
China,scholarly_interpretation,1,283,2
China,institutional_heritage_description,2,141,2
China,popular_secondary_material,4,143,3
Egypt,primary_evidence,1,9,1
Egypt,scholarly_interpretation,1,42,2
Egypt,institutional_heritage_description,2,20,1
Greece,primary_evidence,1,5,1
Greece,scholarly_interpretation,1,3,1
Greece,institutional_heritage_description,2,1,1
Greece,popular_secondary_material,4,1,1
India,primary_evidence,1,106,1
India,scholarly_interpretation,1,409,2
India,institutional_heritage_description,2,150,5
India,popular_secondary_material,4,232,3
Indonesia,primary_evidence,1,7,1
Indonesia,scholarly_interpretation,1,120,2
Indonesia,institutional_heritage_description,2,4,3
Indonesia,popular_secondary_material,4,55,2
Japan,primary_evidence,1,22,1
Japan,scholarly_interpretation,1,104,2
Japan,institutional_heritage_description,2,35,2
Japan,popular_secondary_material,4,46,3
Korea,primary_evidence,1,21,1
Korea,scholarly_interpretation,1,57,2
Korea,institutional_heritage_description,2,15,1
Korea,popular_secondary_material,4,14,3
Malaysia,scholarly_interpretation,1,3,2
Malaysia,popular_secondary_material,4,1,1
Myanmar,scholarly_interpretation,1,3,2
Myanmar,institutional_heritage_description,2,1,1
Myanmar,popular_secondary_material,4,2,1
Nepal,scholarly_interpretation,1,147,2
Nepal,institutional_heritage_description,2,65,2
Nepal,popular_secondary_material,4,73,3
Sri Lanka,primary_evidence,1,9,1
Sri Lanka,scholarly_interpretation,1,276,2
Sri Lanka,institutional_heritage_description,2,33,2
Sri Lanka,popular_secondary_material,4,88,3
Thailand,primary_evidence,1,1,1
Thailand,scholarly_interpretation,1,5,2
Thailand,institutional_heritage_description,2,2,1
Thailand,popular_secondary_material,4,2,1
Unspecified,primary_evidence,1,4,1
Unspecified,scholarly_interpretation,1,45,2
Unspecified,institutional_heritage_description,2,3,1
Unspecified,popular_secondary_material,4,24,1
Vietnam,primary_evidence,1,1,1
Vietnam,scholarly_interpretation,1,4,2
Vietnam,institutional_heritage_description,2,1,1
